Reporting Starts,Reporting Ends,Campaign Name,Impression Device,Delivery,Amount Spent (USD),Amount Spent Today (USD),Unique CTR (Link Click-Through Rate),Ends,CTR (All),CTR (Link Click-Through Rate),CPC (Cost per Link Click) (USD),Cost per Website Content Views (USD),Cost per Website Checkout Initiated (USD),Cost per Website Registration Completed (USD),Cost per Website Lead (USD),Cost per Website Search (USD),Cost per Website Add to Wishlist (USD),Cost per Page Like (USD),Video Percentage Watched,Cost per 10-Second Video View (USD),Post Reactions,Post Comments,Post Shares,Link Clicks,Website Registrations Completed,Website Leads,Website Purchases,Website Checkouts Initiated Conversion Value,Website Adds to Wishlist,Website Checkouts Initiated,Website Searches,Video Watches at 50%,Video Watches at 75%,Reach,Results,Result Indicator,3-Second Video Views,Video Average Watch Time,Button Clicks
2017-06-01,2017-06-30,JLRFearLight_VidView,Android Smartphone,,26,0,0.070972321,2017-07-26,3.899809765,0.063411541,13,,,,,,,,27.53,0.034076016,14,,4,2,,,,,,,,434,284,2818,1916,actions:video_view,1916,0:00:09,
2017-06-01,2017-06-30,"Post: ""EQ is so 2016...Join me to 'Boost your...""",Android Smartphone,,19.95,0,0,2017-06-29,1.863013699,,,9.975,9.975,19.95,,19.95,,19.95,0,,26,,,,1,,,20,,2,1,,,1388,31,actions:post_engagement,,0:00:00,
2017-06-01,2017-06-30,PMv1_LkMixNC_AllD,Android Smartphone,,1.43,0,0,2017-08-15,0,,,,,,,,,,3.56,0.286,,,,,,,,,,,,1,1,185,45,actions:video_view,45,0:00:03,
2017-06-01,2017-06-30,"Post: ""EQ is so 2016...Join me to 'Boost your...""",Android Smartphone,,0.33,0,0,2017-06-30,0,,,,,,,,,,0,,,,,,,,,,,,,,,82,,,,0:00:00,
2017-06-01,2017-06-30,ProBook1,Android Smartphone,,169.6,0,0.590287094,2017-07-25,1.496833621,0.468788552,1.487719298,84.8,,5.3,169.6,1.884444444,,10.6,0,,138,,27,114,32,1,,,,,90,,,18635,279,actions:post_engagement,,0:00:00,
2017-06-01,2017-06-30,LeadVid2zmlng,Android Smartphone,,383.3,0,1.97163204,2017-07-25,7.358003442,1.471600688,1.120760234,38.33,,383.3,,127.7666667,,11.27352941,7.83,2.797810219,84,2,17,342,1,,,,,,3,29,18,16991,88,actions:leadgen.other,419,0:00:04,
2017-06-01,2017-06-30,"Post: ""We need YOU, a lover of diversity, to rise...""",Android Smartphone,,2.53,0,0,2017-07-19,7.272727273,,,,,,,2.53,,,0,,7,,,,,,,,,,1,,,99,7,actions:post_engagement,,0:00:00,
2017-06-01,2017-06-30,PMv1,Android Smartphone,,0.15,0,0,2017-08-15,0,,,,,,,,,,5.15,0.15,,,,,,,,,,,,1,1,32,6,actions:video_view,6,0:00:04,
2017-06-01,2017-06-30,OfficePolitics_RTP,Android Smartphone,,3.62,0,0,2017-06-09,2.586206897,,,,,,,,,3.62,0,,51,,,,,,,,,,,,,461,54,actions:post_engagement,,0:00:00,
2017-06-01,2017-06-30,HuffPost2,Android Smartphone,,52.65,0,2.729124236,2017-06-27,6.086341118,2.406227884,0.774264706,,17.55,52.65,,26.325,,13.1625,0,,49,1,23,68,1,,,30,,3,2,,,2455,141,actions:post_engagement,,0:00:00,
2017-06-01,2017-06-30,PMv1,Android Smartphone,,0.23,0,0,2017-08-15,0,,,,,,,,,,3.12,0.23,,,,,,,,,,,,,,36,7,actions:video_view,7,0:00:02,
2017-06-01,2017-06-30,Offer_PwrCourseFearLightVid_Pro1_AdComp,Android Smartphone,,32.47,0,0.378250591,2017-06-27,5.766590389,0.366132723,2.029375,2.029375,4.638571429,,,,,5.411666667,11.92,0.116379928,12,1,8,16,,,,70,,7,,135,80,4230,16,actions:link_click,1170,0:00:04,
2017-06-01,2017-06-30,ProBook_xPg,Android Smartphone,,65.13,0,1.514803764,2017-09-13,1.928455763,1.015751509,0.943913043,65.13,,1.415869565,,1.184181818,,13.026,0,,16,3,1,69,46,,,,,,55,,,4357,46,actions:offsite_conversion.fb_pixel_complete_registration,,0:00:00,
2017-06-01,2017-06-30,Pwr_FearLightVid_Comp,Android Smartphone,,15.84,0,1.452282158,2017-07-01,5.320197044,1.674876847,0.931764706,1.218461538,,,,,,15.84,15.25,0.12375,,,,17,,,,,,,,63,42,964,13,actions:offsite_conversion.fb_pixel_view_content,335,0:00:07,
2017-06-01,2017-06-30,Course1_Link,Android Smartphone,,33.29,0,1.477618427,2017-06-21,2.128378378,1.182432432,0.951142857,3.329,,,,5.548333333,,,6.59,0.192427746,6,,2,35,,,,,,,6,39,26,2301,35,actions:link_click,576,0:00:03,
2017-06-01,2017-06-30,Meetme1_mobile_adtxt,Android Smartphone,,295.28,0,1.243208849,2017-08-08,4.875283447,1.095993953,1.131340996,24.60666667,,98.42666667,14.06095238,29.528,,22.71384615,0,,57,1,15,261,3,21,,,,,10,,,20431,261,actions:link_click,,0:00:00,
2017-06-01,2017-06-30,JLRBeScaredPost_VidView,Android Smartphone,,14.13,0,0.165929204,2017-07-25,2.88307528,0.160170849,4.71,,,,,,,,44.65,0.02636194,10,,6,3,,,,,,,,419,285,1808,1176,actions:video_view,1176,0:00:11,
2017-06-01,2017-06-30,Diversity_Pwr,Android Smartphone,,4.84,0,0.317460317,2017-07-05,0.607902736,0.303951368,4.84,2.42,,,,,,,0,,,,,1,,,,,,,,,,315,2,actions:offsite_conversion.fb_pixel_view_content,,0:00:00,
2017-06-01,2017-06-30,HuffPost_primary,Android Smartphone,,71.6,0,1.532950096,2017-07-05,3.747175496,1.180015064,0.380851064,23.86666667,8.95,71.6,,23.86666667,,2.309677419,0,,243,3,9,188,1,,,80,,8,3,,,12003,443,actions:post_engagement,,0:00:00,
2017-06-01,2017-06-30,PwrMoves_Diversity_Pg,Android Smartphone,,0.66,0,0,2017-06-30,0,,,,,,,,,,0,,2,,,,,,,,,,,,,11,2,actions:post_engagement,,0:00:00,
2017-06-01,2017-06-30,"Post: ""Opportunities are all around us! Entrepreneurs or...""",Android Smartphone,,2.98,0,0.787401575,2017-07-04,3.546099291,0.709219858,2.98,0.993333333,,,,,,,0,,8,,,1,,,,,,,,,,127,9,actions:post_engagement,,0:00:00,
2017-06-01,2017-06-30,"Post: ""We need YOU, a lover of diversity, to rise...""",Android Smartphone,,0.58,0,0,2017-06-30,0,,,,,,,,,,0,,2,,,,,,,,,,,,,21,2,actions:post_engagement,,0:00:00,
2017-06-01,2017-06-30,sub_mix_SFS_Meetme1_mobile_adtxt,Android Smartphone,,41.38,0,0.930593253,2017-06-20,3.729689808,0.923190547,1.6552,,,,,1.799130435,,13.79333333,8.05,0.940454545,2,,,25,,,,,,,23,16,10,2579,25,actions:link_click,148,0:00:04,
2017-06-01,2017-06-30,PMv1_Retarg_AllD,Android Smartphone,,1.1,0,0.78125,2017-08-15,1.398601399,0.699300699,1.1,,,,,,,,11.33,0.031428571,,,,1,,,,,,,,10,5,128,75,actions:video_view,75,0:00:10,
2017-06-01,2017-06-30,Jun23talk_SavCar_Pg,Android Smartphone,,33.74,0,0.208420175,2017-06-28,2.73556231,0.168861871,6.748,,,,,,,16.87,0,,62,1,,5,,,,,,,,,,2399,80,actions:post_engagement,,0:00:00,
2017-06-01,2017-06-30,Ryan_SavCar_Lin_PlayBig_Mobile_Women,Android Smartphone,,9.78,0,1.435406699,2017-07-19,2.361489555,1.36239782,0.652,,,,,,,,0,,2,,,15,,,,,,,,,,1045,15,actions:link_click,,0:00:00,
2017-06-01,2017-06-30,Pwr_FearLightVid_Comp,Android Tablet,,0.29,0,7.692307692,2017-07-01,7.692307692,7.692307692,0.29,,,,,,,,32.62,0.048333333,,,,1,,,,,,,,2,2,13,,,7,0:00:23,
2017-06-01,2017-06-30,Ryan_SavCar_Lin_PlayBig_Mobile_Women,Android Tablet,,0,0,0,2017-07-19,0,,,,,,,,,,0,,,,,,,,,,,,,,,32,,,,0:00:00,
2017-06-01,2017-06-30,PMv1,Android Tablet,,0.02,0,0,2017-08-15,0,,,,,,,,,,1.94,,,,,,,,,,,,,,,4,,,,0:00:01,
2017-06-01,2017-06-30,Course1_Link,Android Tablet,,0,0,0,2017-06-21,1.388888889,,,,,,,,,,9.88,0,,,,,,,,,,,,1,1,63,,,18,0:00:06,
2017-06-01,2017-06-30,HuffPost_primary,Android Tablet,,2.13,0,1.438848921,2017-07-05,3.522012579,1.132075472,0.236666667,,,,,,,1.065,0,,15,,,9,,,,,,,,,,556,24,actions:post_engagement,,0:00:00,
2017-06-01,2017-06-30,ProBook1,Android Tablet,,2.83,0,0.286532951,2017-07-25,2.578796562,0.286532951,2.83,,,,,,,,0,,7,,,1,,,,,,,,,,349,8,actions:post_engagement,,0:00:00,
2017-06-01,2017-06-30,HuffPost2,Android Tablet,,0.74,0,0,2017-06-27,5,,,,,,,,,,0,,1,,,,,,,,,,,,,20,1,actions:post_engagement,,0:00:00,
2017-06-01,2017-06-30,ProBook_xPg,Android Tablet,,2.27,0,1.376146789,2017-09-13,0.99009901,0.742574257,0.756666667,,,1.135,,1.135,,,0,,1,,,3,2,,,,,,2,,,218,2,actions:offsite_conversion.fb_pixel_complete_registration,,0:00:00,
2017-06-01,2017-06-30,Offer_PwrCourseFearLightVid_Pro1_AdComp,Android Tablet,,0,0,0,2017-06-27,8,,,,,,,,,,26.08,0,,,,,,,,,,,,10,9,60,,,35,0:00:08,
2017-06-01,2017-06-30,Diversity_Pwr,Android Tablet,,0.07,0,0,2017-07-05,0,,,,,,,,,,0,,,,,,,,,,,,,,,3,,,,0:00:00,
2017-06-01,2017-06-30,"Post: ""EQ is so 2016...Join me to 'Boost your...""",Android Tablet,,0.17,0,0,2017-06-29,0,,,,,,,,,,0,,,,,,,,,,,,,,,13,,,,0:00:00,
2017-06-01,2017-06-30,"Post: ""We need YOU, a lover of diversity, to rise...""",Android Tablet,,0.04,0,0,2017-07-19,0,,,,,,,,,,0,,,,,,,,,,,,,,,2,,,,0:00:00,
2017-06-01,2017-06-30,JLRBeScaredPost_VidView,Android Tablet,,0.19,0,0,2017-07-25,4.347826087,,,,,,,,,,62.58,0.015833333,,,,,,,,,,,,8,6,23,25,actions:video_view,25,0:00:16,
2017-06-01,2017-06-30,Meetme1_mobile_adtxt,Android Tablet,,9.37,0,2.25,2017-08-08,5.72519084,1.717557252,1.041111111,,,,,,,9.37,0,,1,,,9,,,,,,,,,,400,9,actions:link_click,,0:00:00,
2017-06-01,2017-06-30,LeadVid2zmlng,Android Tablet,,8.7,0,3.125,2017-07-25,6.493506494,2.813852814,0.669230769,8.7,,,,,,4.35,8.16,1.242857143,3,,1,13,,,,,,,,,,384,3,actions:leadgen.other,18,0:00:04,
2017-06-01,2017-06-30,Jun23talk_SavCar_Pg,Android Tablet,,0.49,0,0,2017-06-28,9.302325581,,,,,,,,,,0,,3,,,,,,,,,,,,,38,3,actions:post_engagement,,0:00:00,
2017-06-01,2017-06-30,PMv1,Android Tablet,,0.02,0,0,2017-08-15,0,,,,,,,,,,1.51,,,,,,,,,,,,,,,2,,,,0:00:01,
2017-06-01,2017-06-30,sub_mix_SFS_Meetme1_mobile_adtxt,Android Tablet,,0,0,0,2017-06-20,1.123595506,,,,,,,,,,6.81,0,,,,,,,,,,,,,,87,,,5,0:00:04,
2017-06-01,2017-06-30,PMv1_LkMixNC_AllD,Android Tablet,,0.33,0,3.571428571,2017-08-15,3.333333333,3.333333333,0.33,,,,,,,,7.15,0.066,,,,1,,,,,,,,1,,28,12,actions:video_view,12,0:00:06,
2017-06-01,2017-06-30,OfficePolitics_RTP,Android Tablet,,0.21,0,0,2017-06-09,6.382978723,,,,,,,,,,0,,4,,,,,,,,,,,,,47,5,actions:post_engagement,,0:00:00,
2017-06-01,2017-06-30,PMv1_Retarg_AllD,Android Tablet,,0.04,0,0,2017-08-15,0,,,,,,,,,,5.71,0.04,,,,,,,,,,,,,,4,2,actions:video_view,2,0:00:05,
2017-06-01,2017-06-30,JLRFearLight_VidView,Android Tablet,,0.56,0,0,2017-07-26,4.615384615,,,,,,,,,,32.33,0.0224,1,,,,,,,,,,,13,9,63,52,actions:video_view,52,0:00:11,
2017-06-01,2017-06-30,"Post: ""We need YOU, a lover of diversity, to rise...""",Android Tablet,,0.08,0,0,2017-06-30,0,,,,,,,,,,0,,1,,,,,,,,,,,,,3,1,actions:post_engagement,,0:00:00,
2017-06-01,2017-06-30,ProBook_xPg,Desktop,,12.01,0,0.862068966,2017-09-13,0.56561086,0.56561086,2.402,12.01,,2.402,,1.715714286,,,0,,,,,5,5,,,,,,7,,,580,5,actions:offsite_conversion.fb_pixel_complete_registration,,0:00:00,
2017-06-01,2017-06-30,Jun23talk_SavCar_Pg,Desktop,,0.6,0,0,2017-06-28,1.470588235,,,0.1,,,,0.6,,,0,,1,,,,,,,,,,1,,,72,1,actions:post_engagement,,0:00:00,
2017-06-01,2017-06-30,JLRFearLight_VidView,Desktop,,0.35,0,0,2017-07-26,0,,,,,,,,,,15.86,0.04375,,,,,,,,,,,,4,1,47,20,actions:video_view,20,0:00:05,
2017-06-01,2017-06-30,sub_mix_SFS_Meetme1_mobile_adtxt,Desktop,,2.18,0,0.518134715,2017-06-20,3.341902314,0.514138817,1.09,2.18,,,,2.18,,,0,,,,,2,,,,,,,1,,,386,2,actions:link_click,,0:00:00,
2017-06-01,2017-06-30,HuffPost_primary,Desktop,,2.8,0,0.242718447,2017-07-05,0.346981263,0.069396253,2.8,0.56,,,,0.7,,,0,,2,,1,1,,,,,,,4,,,412,4,actions:post_engagement,,0:00:00,
2017-06-01,2017-06-30,Ryan_SavCar_Lin_PlayBig_Mobile_Women,Desktop,,0.63,0,0.143678161,2017-07-19,0.154559505,0.077279753,0.63,,,,,0.63,,,0,,,,,1,,,,,,,1,,,696,1,actions:link_click,,0:00:00,
2017-06-01,2017-06-30,Meetme1_mobile_adtxt,Desktop,,14.72,0,0.477099237,2017-08-08,4.199683043,0.396196513,1.472,,,,14.72,7.36,,,0,,5,,,10,,1,,,,,2,,,2096,10,actions:link_click,,0:00:00,
2017-06-01,2017-06-30,LeadVid2zmlng,Desktop,,23.18,0,0.58224163,2017-07-25,2.348578492,0.494437577,5.795,11.59,,,,11.59,,,12.25,1.931666667,1,,,4,,,,,,,2,6,4,687,1,actions:leadgen.other,45,0:00:07,
2017-06-01,2017-06-30,Course1_Link,Desktop,,0,0,0,2017-06-21,0,,,,,,,,,,4.15,,,,,,,,,,,,,,,3,,,2,0:00:02,
2017-06-01,2017-06-30,PMv1_LkMixNC_AllD,Desktop,,1.98,0,0,2017-08-15,0,,,,,,,,,,7.01,0.11,,,,,,,,,,,,,,112,47,actions:video_view,47,0:00:06,
2017-06-01,2017-06-30,JLRBeScaredPost_VidView,Desktop,,0.02,0,0,2017-07-25,0,,,,,,,,,,17.65,,,,,,,,,,,,,,,5,3,actions:video_view,3,0:00:04,
2017-06-01,2017-06-30,HuffPost2,Desktop,,1.24,0,0.819672131,2017-06-27,0.99009901,0.495049505,1.24,,,,,1.24,,,0,,1,,,1,,,,,,,1,,,122,2,actions:post_engagement,,0:00:00,
2017-06-01,2017-06-30,ProBook1,Desktop,,31.91,0,0.233948531,2017-07-25,0.048502486,0.054565296,3.545555556,31.91,,6.382,,2.659166667,,,0,,,,,9,5,,,,,,12,,,3847,9,actions:post_engagement,,0:00:00,
2017-06-01,2017-06-30,Pwr_FearLightVid_Comp,Desktop,,1.48,0,0,2017-07-01,0.386100386,,,,,,,,,,8.56,0.493333333,,,,,,,,,,,,1,1,156,,,10,0:00:03,
2017-06-01,2017-06-30,"Post: ""We need YOU, a lover of diversity, to rise...""",Desktop,,0.02,0,0,2017-07-19,0,,,,,,,,,,0,,,,,,,,,,,,,,,3,,,,0:00:00,
2017-06-01,2017-06-30,PMv1,Desktop,,0.18,0,0,2017-08-15,0,,,,,,,,,,2.62,,,,,,,,,,,,,,,15,4,actions:video_view,4,0:00:02,
2017-06-01,2017-06-30,"Post: ""EQ is so 2016...Join me to 'Boost your...""",Desktop,,0.91,0,0,2017-06-30,0,,,,,0.91,,0.91,,,0,,,,,,1,,,,,,1,,,454,,,,0:00:00,
2017-06-01,2017-06-30,"Post: ""EQ is so 2016...Join me to 'Boost your...""",Desktop,,18.9,0,0,2017-06-29,0.064325228,,,,,,,,,,0,,2,,,,,,,,,,,,,5877,22,actions:post_engagement,,0:00:00,
2017-06-01,2017-06-30,"Post: ""Opportunities are all around us! Entrepreneurs or...""",Desktop,,0.15,0,0,2017-07-04,0,,,,,,,,,,0,,,,,,,,,,,,,,,11,,,,0:00:00,
2017-06-01,2017-06-30,Offer_PwrCourseFearLightVid_Pro1_AdComp,Desktop,,0,0,0,2017-06-27,2.166064982,,,,,,,,,,68.86,0,,,,,,,,,,,,4,4,264,,,6,0:00:23,
2017-06-01,2017-06-30,PMv1,Desktop,,0.21,0,0,2017-08-15,0,,,,,,,,,,17.98,0.07,,,,,,,,,,,,2,2,15,5,actions:video_view,5,0:00:17,
2017-06-01,2017-06-30,Diversity_Pwr,Desktop,,0.69,0,0,2017-07-05,0,,,,,,,,,,0,,,,,,,,,,,,,,,24,,,,0:00:00,
2017-06-01,2017-06-30,PMv1_Retarg_AllD,Desktop,,0.11,0,0,2017-08-15,0,,,,,,,,,,15.57,0.0275,,,,,,,,,,,,1,1,11,5,actions:video_view,5,0:00:14,
2017-06-01,2017-06-30,JLRFearLight_VidView,iPad,,0.66,0,0,2017-07-26,0,,,,,,,,,,23.86,0.047142857,,,,,,,,,,,,8,5,61,39,actions:video_view,39,0:00:08,
2017-06-01,2017-06-30,PMv1_LkMixNC_AllD,iPad,,0.36,0,0,2017-08-15,0,,,,,,,,,,5.39,0.12,,,,,,,,,,,,1,,38,12,actions:video_view,12,0:00:05,
2017-06-01,2017-06-30,Pwr_FearLightVid_Comp,iPad,,1.28,0,0,2017-07-01,1.265822785,,,,,,,,,,14.39,0.116363636,,,,,,,,,,,,4,1,76,,,33,0:00:05,
2017-06-01,2017-06-30,OfficePolitics_RTP,iPad,,0.01,0,0,2017-06-09,0,,,,,,,,,,0,,,,,,,,,,,,,,,1,,,,0:00:00,
2017-06-01,2017-06-30,Course1_Link,iPad,,0,0,0,2017-06-21,1.25,,,,,,,,,,8.46,0,,,,,,,,,,,,1,,76,,,32,0:00:05,
2017-06-01,2017-06-30,LeadVid2zmlng,iPad,,0.36,0,1.020408163,2017-07-25,7.142857143,1.020408163,0.36,,,,,,,,9.24,0.051428571,,,,1,,,,,,,,1,1,98,1,actions:leadgen.other,24,0:00:05,
2017-06-01,2017-06-30,HuffPost_primary,iPad,,1.35,0,3.571428571,2017-07-05,6.329113924,3.164556962,0.27,,,,,,,,0,,2,,,5,,,,,,,,,,140,7,actions:post_engagement,,0:00:00,
2017-06-01,2017-06-30,"Post: ""We need YOU, a lover of diversity, to rise...""",iPad,,0,0,0,2017-06-30,0,,,,,,,,,,0,,,,,,,,,,,,,,,1,,,,0:00:00,
2017-06-01,2017-06-30,Diversity_Pwr,iPad,,0.14,0,0,2017-07-05,0,,,,,,,,,,0,,,,,,,,,,,,,,,9,,,,0:00:00,
2017-06-01,2017-06-30,Ryan_SavCar_Lin_PlayBig_Mobile_Women,iPad,,0,0,0,2017-07-19,0,,,,,,,,,,0,,,,,,,,,,,,,,,14,,,,0:00:00,
2017-06-01,2017-06-30,sub_mix_SFS_Meetme1_mobile_adtxt,iPad,,0,0,0,2017-06-20,4.545454545,,,,,,,,0,,10.19,0,,,,,,,,,1,,,,,22,,,1,0:00:06,
2017-06-01,2017-06-30,"Post: ""Opportunities are all around us! Entrepreneurs or...""",iPad,,0.03,0,0,2017-07-04,0,,,,,,,,,,0,,,,,,,,,,,,,,,2,,,,0:00:00,
2017-06-01,2017-06-30,"Post: ""We need YOU, a lover of diversity, to rise...""",iPad,,0.03,0,0,2017-07-19,33.33333333,,,0.01,,,0.03,,,,0,,,,,,,1,,,,,,,,2,,,,0:00:00,
2017-06-01,2017-06-30,Offer_PwrCourseFearLightVid_Pro1_AdComp,iPad,,1.34,0,2.5,2017-06-27,6,2,1.34,0.446666667,,,,,,,22.28,0.148888889,,,,1,,,,,,,,4,3,40,1,actions:link_click,34,0:00:07,
2017-06-01,2017-06-30,Meetme1_mobile_adtxt,iPad,,1.35,0,0.657894737,2017-08-08,7.211538462,0.480769231,1.35,1.35,,,,,,,0,,2,,,1,,,,,,,,,,152,1,actions:link_click,,0:00:00,
2017-06-01,2017-06-30,JLRBeScaredPost_VidView,iPad,,0.3,0,0,2017-07-25,4.081632653,,,,,,,,,,30.7,0.025,,,,,,,,,,,,9,3,46,29,actions:video_view,29,0:00:08,
2017-06-01,2017-06-30,"Post: ""EQ is so 2016...Join me to 'Boost your...""",iPad,,0.14,0,0,2017-06-29,0,,,,,,,,,,0,,,,,,,,,,,,,,,20,,,,0:00:00,
2017-06-01,2017-06-30,PMv1_Retarg_AllD,iPad,,0.08,0,0,2017-08-15,0,,,,,,,,,,22.75,0.04,,,,,,,,,,,,1,1,9,3,actions:video_view,3,0:00:21,
2017-06-01,2017-06-30,PMv1,iPad,,0.1,0,0,2017-08-15,0,,,,,,,,,,3.22,,,,,,,,,,,,,,,6,3,actions:video_view,3,0:00:03,
2017-06-01,2017-06-30,PMv1,iPad,,0.08,0,0,2017-08-15,0,,,,,,,,,,3.27,,,,,,,,,,,,,,,8,5,actions:video_view,5,0:00:03,
2017-06-01,2017-06-30,HuffPost2,iPad,,0.46,0,0,2017-06-27,0,,,,,,,,,,0,,,,,,,,,,,,,,,40,,,,0:00:00,
2017-06-01,2017-06-30,ProBook_xPg,iPad,,1.43,0,0.609756098,2017-09-13,0.286532951,0.286532951,1.43,,,,,,,,0,,,,,1,,,,,,,,,,164,,,,0:00:00,
2017-06-01,2017-06-30,Jun23talk_SavCar_Pg,iPad,,0.27,0,4.347826087,2017-06-28,4,4,0.27,,,,,,,,0,,,,,1,,,,,,,,,,23,1,actions:post_engagement,,0:00:00,
2017-06-01,2017-06-30,ProBook1,iPad,,3.32,0,0.625,2017-07-25,2.654867257,0.442477876,3.32,,,3.32,,1.66,,,0,,2,,,1,1,,,,,,2,,,160,3,actions:post_engagement,,0:00:00,
2017-06-01,2017-06-30,JLRBeScaredPost_VidView,iPhone,,8.51,0,0.170068027,2017-07-25,3.309120258,0.1614205,4.255,4.255,4.255,,,,,,31.19,0.029143836,2,,3,2,,,1,20,,2,,231,137,1176,758,actions:video_view,758,0:00:08,
2017-06-01,2017-06-30,"Post: ""EQ is so 2016...Join me to 'Boost your...""",iPhone,,0.31,0,0,2017-06-30,0,,,,,,,,,,0,,,,,,,,,,,,,,,79,,,,0:00:00,
2017-06-01,2017-06-30,PMv1_Retarg_AllD,iPhone,,0.83,0,0,2017-08-15,0.980392157,,,,,,,,,,6.63,0.048823529,,,,,,,,,,,,2,,96,49,actions:video_view,49,0:00:06,
2017-06-01,2017-06-30,HuffPost_primary,iPhone,,37.72,0,2.044235925,2017-07-05,4.657894737,1.710526316,0.580307692,,,37.72,,12.57333333,,37.72,0,,37,,3,65,1,,,,,,3,,,2984,105,actions:post_engagement,,0:00:00,
2017-06-01,2017-06-30,"Post: ""We need YOU, a lover of diversity, to rise...""",iPhone,,0.98,0,3.125,2017-06-30,6.25,3.125,0.98,0.98,,,,,,,0,,6,,,1,,,,,,,,,,32,7,actions:post_engagement,,0:00:00,
2017-06-01,2017-06-30,PMv1,iPhone,,0.4,0,0,2017-08-15,0,,,,,,,,,,5.01,0.08,,,,,,,,,,,,1,1,68,21,actions:video_view,21,0:00:04,
2017-06-01,2017-06-30,ProBook_xPg,iPhone,,26.46,0,0.867976245,2017-09-13,1.172870984,0.509943906,1.323,0.63,0.853548387,0.853548387,,0.678461538,8.82,,0,,4,,,20,31,,,310,3,31,39,,,2189,31,actions:offsite_conversion.fb_pixel_complete_registration,,0:00:00,
2017-06-01,2017-06-30,"Post: ""Opportunities are all around us! Entrepreneurs or...""",iPhone,,1.66,0,0,2017-07-04,1.149425287,,,,,,,,,,0,,6,,,,,,,,,,,,,72,6,actions:post_engagement,,0:00:00,
2017-06-01,2017-06-30,sub_mix_SFS_Meetme1_mobile_adtxt,iPhone,,6.49,0,0.713012478,2017-06-20,4.201680672,0.672268908,1.6225,,,,,0.81125,,,9.79,0.309047619,3,,,4,,,,,,,8,4,3,561,4,actions:link_click,75,0:00:05,
2017-06-01,2017-06-30,Meetme1_mobile_adtxt,iPhone,,20.41,0,0.397614314,2017-08-08,4.094263271,0.3808617,1.275625,3.401666667,,,10.205,20.41,,20.41,0,,9,,1,16,,2,,,,,1,,,4024,16,actions:link_click,,0:00:00,
2017-06-01,2017-06-30,"Post: ""We need YOU, a lover of diversity, to rise...""",iPhone,,2.35,0,0,2017-07-19,1.351351351,,,,,,,,,,0,,10,,,,,,,,,,,,,72,10,actions:post_engagement,,0:00:00,
2017-06-01,2017-06-30,LeadVid2zmlng,iPhone,,140.44,0,0.881578947,2017-07-25,7.701283547,0.651497472,2.096119403,10.80307692,35.11,35.11,140.44,17.555,,15.60444444,7.3,2.600740741,24,,2,67,4,1,,40,,4,8,12,5,7600,39,actions:leadgen.other,218,0:00:04,
2017-06-01,2017-06-30,JLRFearLight_VidView,iPhone,,11.27,0,0.073475386,2017-07-26,3.478854025,0.068212824,11.27,,,,,,,,24.8,0.033442136,4,,2,1,,,,,,,,182,130,1361,887,actions:video_view,887,0:00:08,
2017-06-01,2017-06-30,PwrMoves_Diversity_Pg,iPhone,,0.6,0,0,2017-06-30,0,,,,,,,,,,0,,2,,,,,,,,,,,,,14,2,actions:post_engagement,,0:00:00,
2017-06-01,2017-06-30,ProBook1,iPhone,,75.19,0,0.484261501,2017-07-25,1.389269719,0.420436889,1.634565217,,75.19,3.58047619,,1.833902439,,9.39875,0,,35,,8,46,21,,,10,,1,41,,,9086,89,actions:post_engagement,,0:00:00,
2017-06-01,2017-06-30,OfficePolitics_RTP,iPhone,,1.1,0,0,2017-06-09,0,,,,,,,,,,0,,9,,,,,,,,,,,,,73,9,actions:post_engagement,,0:00:00,
2017-06-01,2017-06-30,PMv1,iPhone,,0.29,0,0,2017-08-15,0,,,,,,,,,,3.58,0.29,,,,,,,,,,,,,,44,14,actions:video_view,14,0:00:03,
2017-06-01,2017-06-30,"Post: ""EQ is so 2016...Join me to 'Boost your...""",iPhone,,10.91,0,0,2017-06-29,0.928270042,,,,,,,,,,0,,15,,,,,,,,,,,,,912,17,actions:post_engagement,,0:00:00,
2017-06-01,2017-06-30,Diversity_Pwr,iPhone,,3.69,0,0.331125828,2017-07-05,2.1875,0.3125,3.69,3.69,,,,,,,0,,2,,,1,,,,,,,,,,302,1,actions:offsite_conversion.fb_pixel_view_content,,0:00:00,
2017-06-01,2017-06-30,HuffPost2,iPhone,,40.1,0,2.491103203,2017-06-27,6.127285037,2.200406229,0.616923077,,,,,,,20.05,0,,41,,6,65,,,,,,,,,,2529,112,actions:post_engagement,,0:00:00,
2017-06-01,2017-06-30,Offer_PwrCourseFearLightVid_Pro1_AdComp,iPhone,,61.34,0,1.855176541,2017-06-27,5.039193729,1.791713326,1.916875,1.363111111,,,,,,30.67,16.32,0.303663366,2,,1,32,,,,,,,,92,43,1671,32,actions:link_click,754,0:00:05,
2017-06-01,2017-06-30,Course1_Link,iPhone,,11.58,0,0.735294118,2017-06-21,1.237751418,0.618875709,0.965,1.052727273,,,,,,,9.05,0.062934783,2,,,12,,,,,,,,33,23,1632,12,actions:link_click,665,0:00:05,
2017-06-01,2017-06-30,Pwr_FearLightVid_Comp,iPhone,,15.62,0,0.883218842,2017-07-01,4.070305273,1.017576318,1.42,1.735555556,,,,,,,16.01,0.161030928,,,,11,,,,,,,,37,22,1019,9,actions:offsite_conversion.fb_pixel_view_content,302,0:00:06,
2017-06-01,2017-06-30,Jun23talk_SavCar_Pg,iPhone,,14.67,0,0,2017-06-28,1.26227209,,,,,,,,,,0,,12,,,,,,,,,,,,,1236,14,actions:post_engagement,,0:00:00,
2017-06-01,2017-06-30,PMv1_LkMixNC_AllD,iPhone,,2.7,0,0.274725275,2017-08-15,0.256410256,0.256410256,2.7,,,,,,,,3.97,0.135,,,,1,,,,,,,,3,1,364,105,actions:video_view,105,0:00:03,
2017-06-01,2017-06-30,Ryan_SavCar_Lin_PlayBig_Mobile_Women,iPhone,,2.46,0,0.416666667,2017-07-19,1.571709234,0.392927308,1.23,,,,,,,,0,,1,,,2,,,,,,,,,,480,2,actions:link_click,,0:00:00,
2017-06-01,2017-06-30,Ryan_SavCar_Lin_PlayBig_Mobile_Women,iPod,,0,0,0,2017-07-19,0,,,,,,,,,,0,,,,,,,,,,,,,,,2,,,,0:00:00,
2017-06-01,2017-06-30,OfficePolitics_RTP,iPod,,0.04,0,0,2017-06-09,0,,,,,,,,,,0,,,,,,,,,,,,,,,2,,,,0:00:00,
2017-06-01,2017-06-30,Course1_Link,iPod,,0,0,0,2017-06-21,0,,,,,,,,,,3.66,,,,,,,,,,,,,,,2,,,,0:00:02,
2017-06-01,2017-06-30,"Post: ""Opportunities are all around us! Entrepreneurs or...""",iPod,,0.12,0,0,2017-07-04,0,,,,,,,,,,0,,1,,,,,,,,,,,,,1,1,actions:post_engagement,,0:00:00,
2017-06-01,2017-06-30,HuffPost_primary,iPod,,0.01,0,0,2017-07-05,200,100,0.01,,,,,,,,0,,,,,1,,,,,,,,,,0,1,actions:post_engagement,,0:00:00,
2017-06-01,2017-06-30,LeadVid2zmlng,iPod,,0.14,0,0,2017-07-25,0,,,,,,,,,,0,,,,,,,,,,,,,,,0,,,,0:00:00,
2017-06-01,2017-06-30,JLRFearLight_VidView,iPod,,0,0,0,2017-07-26,0,,,,,,,,,,3.49,,,,,,,,,,,,,,,1,,,,0:00:01,
2017-06-01,2017-06-30,Jun23talk_SavCar_Pg,iPod,,0.03,0,0,2017-06-28,50,,,,,,,,,,0,,1,,,,,,,,,,,,,2,1,actions:post_engagement,,0:00:00,
2017-06-01,2017-06-30,HuffPost2,iPod,,0.06,0,0,2017-06-27,0,,,,,,,,,,0,,,,,,,,,,,,,,,0,,,,0:00:00,
2017-06-01,2017-06-30,ProBook_xPg,iPod,,0.02,0,0,2017-09-13,0,,,,,,,,,,0,,,,,,,,,,,,,,,26,,,,0:00:00,
2017-06-01,2017-06-30,Meetme1_mobile_adtxt,iPod,,0,0,0,2017-08-08,0,,,,,,,,,,0,,,,,,,,,,,,,,,0,,,,0:00:00,
2017-06-01,2017-06-30,ProBook1,iPod,,0.02,0,0,2017-07-25,0,,,,,,,,,,0,,,,,,,,,,,,,,,0,,,,0:00:00,
2017-06-01,2017-06-30,ProBook_xPg,Other,,0.52,0,0,2017-09-13,0,,,,,,,,,,0,,,,,,,,,,,,,,,24,,,,0:00:00,
2017-06-01,2017-06-30,HuffPost_primary,Other,,1.23,0,0.826446281,2017-07-05,3.76344086,0.716845878,0.3075,,,,,,,0.3075,0,,7,,,4,,,,,,,,,,484,11,actions:post_engagement,,0:00:00,
2017-06-01,2017-06-30,"Post: ""Opportunities are all around us! Entrepreneurs or...""",Other,,0.05,0,0,2017-07-04,0,,,,,,,,,,0,,,,,,,,,,,,,,,3,,,,0:00:00,
2017-06-01,2017-06-30,Ryan_SavCar_Lin_PlayBig_Mobile_Women,Other,,0,0,0,2017-07-19,0,,,,,,,,,,0,,,,,,,,,,,,,,,3,,,,0:00:00,
2017-06-01,2017-06-30,PMv1_Retarg_AllD,Other,,0.08,0,0,2017-08-15,0,,,,,,,,,,27.37,0.026666667,,,,,,,,,,,,1,,2,3,actions:video_view,3,0:00:25,
2017-06-01,2017-06-30,LeadVid2zmlng,Other,,0.27,0,0,2017-07-25,2.380952381,,,,,,,,,,1.25,,,,,,,,,,,,,,,42,,,,0:00:01,
2017-06-01,2017-06-30,PMv1_LkMixNC_AllD,Other,,0.01,0,0,2017-08-15,0,,,,,,,,,,8.51,,,,,,,,,,,,,,,1,1,actions:video_view,1,0:00:08,
2017-06-01,2017-06-30,Pwr_FearLightVid_Comp,Other,,0.02,0,0,2017-07-01,50,,,,,,,,,,0,,,,,,,,,,,,,,,2,,,,0:00:00,
2017-06-01,2017-06-30,Jun23talk_SavCar_Pg,Other,,0.29,0,0,2017-06-28,3.225806452,,,,,,,,,,0,,1,,,,,,,,,,,,,23,1,actions:post_engagement,,0:00:00,
2017-06-01,2017-06-30,HuffPost2,Other,,0.12,0,8.333333333,2017-06-27,8.333333333,8.333333333,0.12,,,,,,,,0,,,,,1,,,,,,,,,,12,1,actions:post_engagement,,0:00:00,
2017-06-01,2017-06-30,OfficePolitics_RTP,Other,,0.02,0,0,2017-06-09,0,,,,,,,,,,0,,,,,,,,,,,,,,,19,,,,0:00:00,
2017-06-01,2017-06-30,Course1_Link,Other,,0,0,0,2017-06-21,0,,,,,,,,,,16.43,0,,,,,,,,,,,,,,6,,,2,0:00:10,
2017-06-01,2017-06-30,Offer_PwrCourseFearLightVid_Pro1_AdComp,Other,,0,0,0,2017-06-27,0,,,,,,,,,,0,,,,,,,,,,,,,,,1,,,,0:00:00,
2017-06-01,2017-06-30,JLRFearLight_VidView,Other,,0,0,0,2017-07-26,0,,,,,,,,,,4.93,,,,,,,,,,,,,,,1,,,,0:00:02,
2017-06-01,2017-06-30,"Post: ""EQ is so 2016...Join me to 'Boost your...""",Other,,0.03,0,0,2017-06-29,0,,,,,,,,,,0,,,,,,,,,,,,,,,2,,,,0:00:00,
2017-06-01,2017-06-30,Meetme1_mobile_adtxt,Other,,0,0,0,2017-08-08,0,,,,,,,,,,0,,,,,,,,,,,,,,,8,,,,0:00:00,
2017-06-01,2017-06-30,"Post: ""We need YOU, a lover of diversity, to rise...""",Other,,0.03,0,0,2017-07-19,0,,,,,,,,,,0,,,,,,,,,,,,,,,1,,,,0:00:00,
2017-06-01,2017-06-30,"Post: ""EQ is so 2016...Join me to 'Boost your...""",Other,,0,0,0,2017-06-30,0,,,,,,,,,,0,,,,,,,,,,,,,,,1,,,,0:00:00,
2017-06-01,2017-06-30,ProBook1,Other,,0.76,0,1.785714286,2017-07-25,2.040816327,1.020408163,0.76,,,,,0.76,,,0,,1,,,1,,,,,,,1,,,56,2,actions:post_engagement,,0:00:00,
2017-06-01,2017-06-30,JLRBeScaredPost_VidView,Other,,0,0,0,2017-07-25,0,,,,,,,,,,0,,,,,,,,,,,,,,,1,,,,0:00:00,
2017-06-01,2017-06-30,Diversity_Pwr,Other,,0,0,0,2017-07-05,0,,,,,,,,,,0,,,,,,,,,,,,,,,1,,,,0:00:00,
2017-06-01,2017-06-30,sub_mix_SFS_Meetme1_mobile_adtxt,Other,,0,0,0,2017-06-20,0,,,,,,,,,,0,,,,,,,,,,,,,,,3,,,,0:00:00,
